title,
1609 dekalb
97 st nicholas
70 wyckoff
52 Wyckoff
dekalb parking 2
2014-10-05 15.55.10
2014-10-05 15.53.24
2014-10-05 15.48.51
2014-10-05 15.43.36
2014-10-05 15.43.20
2014-10-05 15.43.13
2014-10-05 15.37.09
2014-10-05 15.34.08
2014-10-05 15.32.32
2014-10-05 15.29.55
2014-10-05 13.51.27
2014-10-05 13.40.23
2014-10-05 13.38.49
2014-10-05 13.37.49
2014-10-05 13.35.06
2014-10-05 13.32.27
2014-10-05 13.29.45
2014-10-05 13.25.25-1
2014-10-05 13.23.59
2014-10-05 13.23.27
2014-10-05 13.21.49
2014-10-05 13.20.04
2014-10-05 13.17.53
2014-10-05 13.15.59
2014-10-05 13.14.35
2014-10-05 13.11.35-2
2014-10-05 13.11.29
2014-10-05 13.10.07
2014-10-05 12.59.59
2014-10-05 12.47.47
2014-10-05 12.43.38-2
2014-10-05 12.39.53
2014-10-05 12.38.30-2
2014-10-05 12.23.51
2014-10-05 12.18.48
2014-10-05 12.18.39
2014-10-05 12.09.11
2014-10-05 12.04.05
2014-10-05 11.58.06
2014-10-05 11.57.17
2014-10-05 11.57.08
2014-10-05 11.47.38
2014-10-05 11.38.02
2014-10-05 11.37.56-1
2014-10-05 11.37.32
2014-10-05 11.20.09
2014-10-05 11.15.23
2014-10-05 11.11.44
2014-10-05 11.11.27
2014-10-05 11.06.18
2014-10-05 11.01.30
2014-10-05 10.59.19
2014-10-05 10.55.59
2014-10-05 10.51.36
2014-10-05 10.51.23
2014-10-05 10.47.19
2014-09-28 18.17.19
2014-09-28 18.07.53
2014-09-28 17.36.54
2014-09-28 17.29.28
2014-09-28 17.29.24
2014-09-28 17.25.38
2014-09-28 17.23.39
2014-09-28 17.10.47
2014-09-28 16.12.01-2
2014-09-28 16.12.01-1
2014-09-28 16.11.56
1638-1636 dekalb
1600 dekalb
1586 dekalb parking
1578 dekalb
1562 dekalb
1560 dekalb
1556 dekalb
1535 Dekalb
1535 Dekalb 2
1453 dekalb
1436 Dekalb
1433 Dekalb 2
1433 dekalb
1418 dekalb
1418 dekalb 3
1418 dekalb 2
1416 dekalb
1344 willoughby
1282 willoughby
1120 willoughby
1116 willoughby
950 Hart
936 Hart
918 Hart
918 hart 2
887 hart
829 hart
792 hart
788 Hart
773 hart
342 Knickerbocker
331 Knickerbocker
316 Suydam
307 Knickerbocker
303 stockholm
276 Suydam
195 stockholm
191 wilson
175 Stockholm Tea Factory
171 Wilson
157 wilson
153 wilson
115 st nicholas
99 st nicholas
97 Wyckoff
IMG_6600
IMG_6597
IMG_6595
IMG_6564
IMG_6561
IMG_6549
IMG_6542
IMG_6539
IMG_6531
IMG_6527
IMG_6517
IMG_6516
IMG_6512
IMG_6504
IMG_6501
IMG_6496
IMG_6492
IMG_6491
IMG_6490
IMG_6485
IMG_6481
IMG_6473
IMG_6466
IMG_6464
IMG_6458
IMG_6456
IMG_6445
IMG_6443
IMG_6442
IMG_4319
IMG_4317
IMG_4316
IMG_4315
IMG_4314
IMG_4313
IMG_4312
IMG_4311
IMG_4310
IMG_4309
IMG_4308
IMG_4307
IMG_4306
IMG_4305
IMG_4304
IMG_4303
IMG_4302
IMG_4301
IMG_4300
IMG_4299
IMG_4298
IMG_4296
IMG_2905
IMG_2885
IMG_2884
IMG_2883
IMG_2882
IMG_2881
IMG_2880
IMG_2879
IMG_2878
IMG_2877
IMG_2874
IMG_2873
IMG_2872
IMG_2829
IMG_2828
IMG_2827
IMG_2826
IMG_2825
IMG_2824
IMG_2822
IMG_2821
IMG_2819
IMG_2810
IMG_1785
IMG_1784
IMG_1783
IMG_1782
IMG_1781
IMG_1780
IMG_1779
IMG_1778
IMG_1777
IMG_1776
IMG_1775
IMG_1774
IMG_1773
IMG_1772
IMG_1771
IMG_1770
IMG_1769
IMG_1768
IMG_1767
IMG_1766
IMG_1765
IMG_1764
IMG_1763
IMG_1760
IMG_1759
IMG_1758
IMG_1757
IMG_1756
IMG_1755
IMG_1754
IMG_1753
IMG_1752
IMG_1751
IMG_1749
IMG_1748
IMG_1747
IMG_1746
IMG_1745
IMG_1743
IMG_1742
IMG_1741
IMG_1740
IMG_1739
IMG_1738
IMG_1737
IMG_1736
IMG_1735
IMG_1734
IMG_1733
IMG_1732
IMG_1731
IMG_1730
