name,
2014-09-28 12.01.33
2014-09-28 10.36.11
2014-09-28 10.37.16
2014-09-28 10.37.20
2014-09-28 10.38.53
2014-09-28 10.41.00
2014-09-28 10.45.23
2014-09-28 10.45.39
2014-09-28 10.45.50
2014-09-28 10.46.06
2014-09-28 10.48.36
2014-09-28 10.48.41
2014-09-28 10.51.13
2014-09-28 10.51.19
2014-09-28 10.52.40
2014-09-28 10.55.17
2014-09-28 10.55.30
2014-09-28 11.02.24
2014-09-28 11.02.30
"Photo Sep 28, 11 02 52 AM"
"Photo Sep 28, 11 05 37 AM"
2014-09-28 11.09.35
2014-09-28 11.09.52
2014-09-28 11.09.54
"Photo Sep 28, 11 11 59 AM"
2014-09-28 11.12.31
2014-09-28 11.12.35
2014-09-28 11.12.48
2014-09-28 11.13.53
"Photo Sep 28, 11 13 57 AM"
"Photo Sep 28, 11 17 50 AM"
2014-09-28 11.18.50
2014-09-28 11.18.54
2014-09-28 11.19.10
2014-09-28 11.19.39
2014-09-28 11.20.02
2014-09-28 11.30.05
2014-09-28 11.30.13
"Photo Sep 28, 11 32 05 AM"
2014-09-28 11.34.19
"Photo Sep 28, 11 34 53 AM"
2014-09-28 11.36.48
2014-09-28 11.36.50
"Photo Sep 28, 11 36 54 AM"
"Photo Sep 28, 11 39 10 AM"
"Photo Sep 28, 11 44 08 AM"
2014-09-28 11.44.59
2014-09-28 11.45.26
"Photo Sep 28, 11 47 37 AM"
2014-09-28 11.47.51
"Photo Sep 28, 11 50 46 AM"
2014-09-28 11.50.47
2014-09-28 11.50.57
2014-09-28 11.53.05
2014-09-28 11.53.06
"Photo Sep 28, 11 53 13 AM"
2014-09-28 11.55.00
"Photo Sep 28, 11 55 34 AM"
2014-09-28 11.57.44
2014-09-28 11.57.45
2014-09-28 11.59.58
2014-09-28 12.00.01
2014-09-28 12.00.16-1
2014-09-28 12.00.16-2
"Photo Sep 28, 12 00 54 PM"
"Photo Sep 28, 12 02 23 PM"
"Photo Sep 28, 12 03 43 PM"
2014-09-28 12.04.15
2014-09-28 12.04.25
2014-09-28 12.07.36
2014-09-28 12.07.38
2014-09-28 12.11.22
2014-09-28 12.11.37
2014-09-28 12.14.06
2014-09-28 12.14.10
IMG_5599
IMG_9027
